{"cameraMode":{"drawMode":0,"name":"Shaded","section":"Shading Mode"},"sceneLighting":true,"audioPlay":false,"sceneViewState":{"m_AlwaysRefresh":false,"showFog":true,"showSkybox":true,"showFlares":true,"showImageEffects":true,"showParticleSystems":true,"showVisualEffectGraphs":true,"m_FxEnabled":true},"in2DMode":false,"pivot":{"x":2.1710824966430666,"y":-0.7356510162353516,"z":-18.092060089111329},"rotation":{"x":-0.06560347229242325,"y":0.8806393146514893,"z":-0.12797439098358155,"w":-0.45144087076187136},"size":21.133766174316408,"orthographic":false}