{"cameraMode":{"drawMode":0,"name":"Shaded","section":"Shading Mode"},"sceneLighting":false,"audioPlay":false,"sceneViewState":{"m_AlwaysRefresh":false,"showFog":true,"showSkybox":false,"showFlares":true,"showImageEffects":true,"showParticleSystems":true,"showVisualEffectGraphs":true,"m_FxEnabled":true},"in2DMode":false,"pivot":{"x":0.3501666188240051,"y":0.10364241153001785,"z":0.24148458242416383},"rotation":{"x":-0.0006699725054204464,"y":0.9956275224685669,"z":0.007158888503909111,"w":0.09316267818212509},"size":1.778540849685669,"orthographic":false}