{"cameraMode":{"drawMode":0,"name":"Shaded","section":"Shading Mode"},"sceneLighting":false,"audioPlay":false,"sceneViewState":{"m_AlwaysRefresh":false,"showFog":true,"showSkybox":false,"showFlares":true,"showImageEffects":true,"showParticleSystems":true,"showVisualEffectGraphs":true,"m_FxEnabled":true},"in2DMode":false,"pivot":{"x":0.19138747453689576,"y":0.04584687948226929,"z":0.1718142032623291},"rotation":{"x":-0.16882015764713288,"y":-0.04491787403821945,"z":0.00770174665376544,"w":-0.9845992922782898},"size":2.227315902709961,"orthographic":false}