{"cameraMode":{"drawMode":0,"name":"Shaded","section":"Shading Mode"},"sceneLighting":false,"audioPlay":false,"sceneViewState":{"m_AlwaysRefresh":false,"showFog":true,"showSkybox":false,"showFlares":true,"showImageEffects":true,"showParticleSystems":true,"showVisualEffectGraphs":true,"m_FxEnabled":true},"in2DMode":false,"pivot":{"x":0.19138747453689576,"y":0.04584687948226929,"z":0.1718142032623291},"rotation":{"x":-0.030634025111794473,"y":-0.9611408114433289,"z":0.11912210285663605,"w":-0.247168630361557},"size":4.927316188812256,"orthographic":false}